{
  "listeners": [
    {
      "address": "tcp://0.0.0.0:80",
      "filters": [
        {
          "name": "http_connection_manager",
          "config": {
            "tracing": {
              "operation_name": "ingress"
            }, 
            "codec_type": "auto",
            "stat_prefix": "ingress_http",
            "route_config": {
              "virtual_hosts": [
                {
                  "name": "service2",
                  "domains": ["*"],
                  "routes": [
                    {
                      "timeout_ms": 0,
                      "prefix": "/",
                      "cluster": "local_service",
                      "decorator": {
                        "operation": "checkStock"
                      }
                    }
                  ]
                }
              ]
            },
            "filters": [
              {
                "name": "router",
                "config": {}
              }
            ]
          }
        }
      ]
    }
  ],
  "tracing": {
    "http": {
      "driver": {
        "type": "zipkin", 
        "config": {
          "collector_cluster": "jaeger",
          "collector_endpoint": "/api/v1/spans"
        }
      }
    }
  }, 
  "admin": {
    "access_log_path": "/dev/null",
    "address": "tcp://0.0.0.0:8001"
  },
  "cluster_manager": {
    "clusters": [
      {
        "name": "local_service",
        "connect_timeout_ms": 250,
        "type": "strict_dns",
        "lb_type": "round_robin",
        "hosts": [
          {
            "url": "tcp://127.0.0.1:8080"
          }
        ]
      },
      {
        "name": "jaeger",
        "connect_timeout_ms": 1000, 
        "type": "strict_dns", 
        "lb_type": "round_robin", 
        "hosts": [
          {
            "url": "tcp://jaeger:9411"
          }
        ]
      } 
    ]
  }
}
