{% import 'routing_helper.template.json' as helper with context -%}

{
  "virtual_hosts": [
    {
      "name": "www",
      "require_ssl": "all",
      "domains": ["www.yourcompany.net"],
      "rate_limits": [
        { "actions": [ { "type": "remote_address" } ] }
      ],
      "routes": [
        {
          "prefix": "/foo/bar",
          "runtime": {
            "key": "routing.www.use_service_2",
            "default": 0
          },
          {{ helper.make_route('service2') }}
        },
        {
          "prefix": "/",
          {{ helper.make_route('service1') }}
        }
      ]
    },
    {
      "name": "www_redirect",
      "require_ssl": "all",
      "domains": ["wwww.yourcompany.net"],
      "rate_limits": [
        { "actions": [ { "type": "remote_address" } ] }
      ],
      "routes": [
        {
          "prefix": "/",
          "host_redirect": "www.yourcompany.net"
        }
      ]
    },
    {
      "name": "api",
      "require_ssl": "external_only",
      "domains": ["api.yourcompany.net"],
      "rate_limits": [
        { "actions": [ { "type": "remote_address" } ] }
      ],
      "routes": [
        {
          "path": "/foo/bar",
          {{ helper.make_route('service3') }}
        },
        {
          "prefix": "/",
          {{ helper.make_route('service1') }}
        }
      ]
    }
  ]
}
